date,record_version,minutes_covered,minutes_past_midnight,temperature_outside,temperature_outside_high,temperature_outside_low,temperature_inside,barometric_pressure,humidity_outside,humidity_inside,wind_speed,wind_speed_high,wind_direction_prevailing,wind_direction_speed_high,number_of_wind_samples,solar_radiation,solar_radiation_high,uv_index,uv_index_high,rain_amount,rain_rate,wind_direction_prevailing_degrees,wind_direction_speed_high_degrees,timestamp
2025-07-16 11:05:00,,5,665,24.72,24.78,24.72,26.89,1007.93,51.0,46.0,0.0,2.19,NNE,NNE,60,,,,,0.0,0.0,22.5,22.5,854590545
2025-07-16 11:10:00,,5,670,24.17,24.61,24.17,26.56,1007.72,49.0,44.0,0.0,2.24,ESE,N,117,,,,,0.0,0.0,112.5,360.0,854590550
2025-07-16 11:15:00,,5,675,23.67,24.17,23.67,26.22,1007.72,48.0,43.0,0.0,1.79,N,N,117,,,,,0.0,0.0,360.0,360.0,854590555
2025-07-16 11:20:00,,5,680,23.28,23.72,23.28,25.89,1007.62,48.0,42.0,0.0,1.34,N,N,117,,,,,0.0,0.0,360.0,360.0,854590560
2025-07-16 11:25:00,,5,685,22.94,23.28,22.94,25.67,1007.72,51.0,44.0,0.0,0.89,N,N,117,,,,,0.0,0.0,360.0,360.0,854590565
2025-07-16 11:30:00,,5,690,22.61,22.89,22.61,25.5,1007.89,51.0,44.0,0.0,0.45,N,N,117,,,,,0.0,0.0,360.0,360.0,854590570
2025-07-16 11:35:00,,5,695,22.33,22.61,22.33,25.33,1007.82,53.0,44.0,0.0,,NONE,NONE,117,,,,,0.0,0.0,,,854590575
2025-07-16 11:40:00,,5,700,22.17,22.33,22.17,25.06,1007.72,53.0,45.0,0.0,,NONE,NONE,117,,,,,0.0,0.0,,,854590580
2025-07-16 11:45:00,,5,705,22.0,22.17,22.0,24.83,1007.86,55.0,46.0,0.0,,NONE,NONE,117,,,,,0.0,0.0,,,854590585
2025-07-16 11:50:00,,5,710,21.94,22.0,21.89,24.72,1007.93,58.0,48.0,0.0,,NONE,NONE,117,,,,,0.0,0.0,,,854590590
2025-07-16 11:55:00,,5,715,21.94,21.94,21.89,24.83,1007.93,59.0,49.0,0.0,,NONE,NONE,118,,,,,0.0,0.0,,,854590595
2025-07-16 12:00:00,,5,720,21.89,21.89,21.89,24.78,1007.93,56.0,48.0,0.0,,NONE,NONE,117,,,,,0.0,0.0,,,854590640
2025-07-16 12:05:00,,5,725,21.78,21.89,21.78,24.72,1007.89,56.0,48.0,0.0,1.34,N,N,117,,,,,0.0,0.0,360.0,360.0,854590645
2025-07-16 12:10:00,,5,730,21.67,21.78,21.67,24.67,1007.96,55.0,47.0,0.0,,NONE,NONE,117,,,,,0.0,0.0,,,854590650
2025-07-16 12:15:00,,5,735,21.5,21.67,21.5,24.56,1007.93,55.0,46.0,0.0,,NONE,NONE,117,,,,,0.0,0.0,,,854590655
2025-07-16 12:20:00,,5,740,21.39,21.5,21.39,24.56,1007.89,57.0,48.0,0.0,2.24,N,N,117,,,,,0.0,0.0,360.0,360.0,854590660
2025-07-16 12:25:00,,5,745,21.28,21.39,21.28,24.5,1007.82,56.0,46.0,0.0,,NONE,NONE,117,,,,,0.0,0.0,,,854590665
2025-07-16 12:30:00,,5,750,21.28,21.33,21.28,24.44,1007.93,59.0,48.0,0.0,,NONE,NONE,117,,,,,0.0,0.0,,,854590670
2025-07-16 12:35:00,,5,755,21.28,21.28,21.28,24.56,1008.06,58.0,48.0,0.0,2.68,N,N,117,,,,,0.0,0.0,360.0,360.0,854590675
2025-07-16 12:40:00,,5,760,21.22,21.28,21.22,24.5,1007.96,58.0,47.0,0.0,,NONE,NONE,117,,,,,0.0,0.0,,,854590680
2025-07-16 12:45:00,,5,765,21.28,21.28,21.22,24.56,1008.06,59.0,50.0,0.0,2.24,NNW,NNW,117,,,,,0.0,0.0,337.5,337.5,854590685
2025-07-16 12:50:00,,5,770,21.17,21.28,21.17,24.67,1008.06,57.0,47.0,0.0,0.89,SW,SW,117,,,,,0.0,0.0,225.0,225.0,854590690
2025-07-16 12:55:00,,5,775,21.11,21.17,21.11,24.5,1008.23,58.0,47.0,0.0,,NONE,NONE,118,,,,,0.0,0.0,,,854590695
2025-07-16 13:00:00,,5,780,21.11,21.11,21.11,24.44,1008.2,58.0,48.0,0.0,,NONE,NONE,117,,,,,0.0,0.0,,,854590740
2025-07-16 13:05:00,,5,785,21.06,21.11,21.06,24.28,1008.33,59.0,48.0,0.0,,NONE,NONE,117,,,,,0.0,0.0,,,854590745
2025-07-16 13:10:00,,5,790,21.06,21.11,21.06,24.17,1008.26,61.0,50.0,0.0,,NONE,NONE,117,,,,,0.0,0.0,,,854590750
2025-07-16 13:15:00,,5,795,21.06,21.11,21.06,24.11,1008.16,59.0,49.0,0.0,,NONE,NONE,117,,,,,0.0,0.0,,,854590755
2025-07-16 13:20:00,,5,800,21.0,21.06,21.0,24.0,1008.26,59.0,48.0,0.0,,NONE,NONE,117,,,,,0.0,0.0,,,854590760
2025-07-16 13:25:00,,5,805,21.06,21.06,21.0,23.94,1008.23,61.0,50.0,0.0,,NONE,NONE,117,,,,,0.0,0.0,,,854590765
2025-07-16 13:30:00,,5,810,21.06,21.06,21.0,23.94,1008.26,58.0,49.0,0.0,,NONE,NONE,117,,,,,0.0,0.0,,,854590770
2025-07-16 13:35:00,,5,815,21.0,21.06,21.0,23.83,1008.26,58.0,49.0,0.0,,NONE,NONE,117,,,,,0.0,0.0,,,854590775
2025-07-16 13:40:00,,5,820,20.94,21.0,20.94,23.78,1008.23,59.0,49.0,0.0,,NONE,NONE,117,,,,,0.0,0.0,,,854590780
2025-07-16 13:45:00,,5,825,20.94,21.0,20.94,23.72,1008.13,60.0,50.0,0.0,,NONE,NONE,117,,,,,0.0,0.0,,,854590785
2025-07-16 13:50:00,,5,830,20.94,21.0,20.94,23.72,1008.3,59.0,49.0,0.0,,NONE,NONE,117,,,,,0.0,0.0,,,854590790
2025-07-16 13:55:00,,5,835,21.0,21.0,20.94,23.83,1008.26,64.0,52.0,0.0,,NONE,NONE,117,,,,,0.0,0.0,,,854590795
2025-07-16 14:00:00,,5,840,21.17,21.17,21.0,24.06,1008.26,66.0,54.0,0.0,,NONE,NONE,118,,,,,0.0,0.0,,,854590840
2025-07-16 14:05:00,,5,845,21.44,21.44,21.17,24.33,1008.16,63.0,53.0,0.0,,NONE,NONE,117,,,,,0.0,0.0,,,854590845
2025-07-16 14:10:00,,5,850,21.67,21.67,21.44,24.5,1008.09,65.0,53.0,0.0,1.79,ESE,ESE,117,,,,,0.0,0.0,112.5,112.5,854590850
2025-07-16 14:15:00,,5,855,21.89,21.89,21.67,24.61,1007.99,65.0,55.0,0.0,1.34,ESE,ESE,117,,,,,0.0,0.0,112.5,112.5,854590855
2025-07-16 14:20:00,,5,860,22.06,22.06,21.89,24.78,1007.72,63.0,52.0,0.0,,NONE,NONE,117,,,,,0.0,0.0,,,854590860
2025-07-16 14:25:00,,5,865,22.11,22.11,22.06,24.83,1007.69,65.0,54.0,0.0,,NONE,NONE,117,,,,,0.0,0.0,,,854590865
2025-07-16 14:30:00,,5,870,22.28,22.28,22.11,24.89,1007.62,61.0,53.0,0.0,,NONE,NONE,117,,,,,0.0,0.0,,,854590870
2025-07-16 14:35:00,,5,875,22.33,22.33,22.28,24.94,1007.55,66.0,54.0,0.0,,NONE,NONE,117,,,,,0.0,0.0,,,854590875
2025-07-16 14:40:00,,5,880,22.44,22.44,22.33,25.0,1007.62,63.0,54.0,0.0,,NONE,NONE,117,,,,,0.0,0.0,,,854590880
2025-07-16 14:45:00,,5,885,22.5,22.5,22.39,25.0,1007.59,68.0,56.0,0.0,,NONE,NONE,117,,,,,0.0,0.0,,,854590885
2025-07-16 14:50:00,,5,890,22.56,22.56,22.44,25.06,1007.55,64.0,56.0,0.0,,NONE,NONE,117,,,,,0.0,0.0,,,854590890
2025-07-16 14:55:00,,5,895,22.56,22.56,22.56,25.06,1007.45,66.0,55.0,0.0,2.24,SE,SE,117,,,,,0.0,0.0,135.0,135.0,854590895
2025-07-16 15:00:00,,5,900,22.56,22.61,22.5,25.06,1007.62,69.0,58.0,0.0,,NONE,NONE,117,,,,,0.0,0.0,,,854590940
2025-07-16 15:05:00,,5,905,22.61,22.61,22.56,25.17,1007.62,65.0,56.0,0.0,,NONE,NONE,118,,,,,0.0,0.0,,,854590945
2025-07-16 15:10:00,,5,910,22.67,22.67,22.61,25.11,1007.55,68.0,58.0,0.0,2.24,SE,SE,117,,,,,0.0,0.0,135.0,135.0,854590950
2025-07-16 15:15:00,,5,915,22.61,22.67,22.61,25.17,1007.42,65.0,55.0,0.0,,NONE,NONE,117,,,,,0.0,0.0,,,854590955
2025-07-16 15:20:00,,5,920,22.61,22.67,22.61,25.17,1007.35,69.0,57.0,0.0,,NONE,NONE,117,,,,,0.0,0.0,,,854590960
2025-07-16 15:25:00,,5,925,22.72,22.72,22.61,25.22,1007.42,66.0,58.0,0.0,,NONE,NONE,117,,,,,0.0,0.0,,,854590965
2025-07-16 15:30:00,,5,930,22.67,22.72,22.67,25.28,1007.28,65.0,56.0,0.0,,NONE,NONE,117,,,,,0.0,0.0,,,854590970
2025-07-16 15:35:00,,5,935,22.67,22.67,22.67,25.22,1007.42,68.0,57.0,0.0,4.02,ESE,ESE,117,,,,,0.0,0.0,112.5,112.5,854590975
2025-07-16 15:40:00,,5,940,22.67,22.72,22.67,25.28,1007.55,66.0,57.0,0.0,4.02,NONE,ESE,117,,,,,0.0,0.0,,112.5,854590980
2025-07-16 15:45:00,,5,945,22.67,22.72,22.67,25.22,1007.65,68.0,57.0,0.0,,NONE,NONE,117,,,,,0.0,0.0,,,854590985
2025-07-16 15:50:00,,5,950,22.72,22.72,22.67,25.22,1008.06,67.0,58.0,0.0,,NONE,NONE,117,,,,,0.0,0.0,,,854590990
2025-07-16 15:55:00,,5,955,22.72,22.72,22.67,25.28,1008.3,67.0,56.0,0.0,,NONE,NONE,117,,,,,0.0,0.0,,,854590995
2025-07-16 16:00:00,,5,960,22.78,22.78,22.67,25.33,1008.7,70.0,58.0,0.0,,NONE,NONE,118,,,,,0.0,0.0,,,854591040
2025-07-16 16:05:00,,5,965,22.72,22.78,22.72,25.33,1008.67,64.0,55.0,0.0,3.58,ESE,ESE,117,,,,,0.0,0.0,112.5,112.5,854591045
2025-07-16 16:10:00,,5,970,22.67,22.72,22.67,25.28,1008.33,67.0,56.0,0.0,,NONE,NONE,117,,,,,0.0,0.0,,,854591050
2025-07-16 16:15:00,,5,975,22.67,22.67,22.67,25.22,1008.26,69.0,58.0,0.0,,NONE,NONE,117,,,,,0.0,0.0,,,854591055
2025-07-16 16:20:00,,5,980,22.67,22.72,22.67,25.28,1008.13,66.0,56.0,0.0,3.13,ESE,ESE,117,,,,,0.0,0.0,112.5,112.5,854591060
2025-07-16 16:25:00,,5,985,22.67,22.72,22.67,25.17,1008.06,69.0,58.0,0.0,2.24,NNE,WNW,117,,,,,0.0,0.0,22.5,292.5,854591065
2025-07-16 16:30:00,,5,990,22.72,22.72,22.72,25.22,1008.06,65.0,56.0,0.0,,NONE,NONE,117,,,,,0.0,0.0,,,854591070
2025-07-16 16:35:00,,5,995,22.67,22.72,22.67,25.17,1008.23,68.0,57.0,0.0,3.13,WNW,WNW,117,,,,,0.0,0.0,292.5,292.5,854591075
2025-07-16 16:40:00,,5,1000,22.72,22.72,22.67,25.17,1008.16,68.0,59.0,0.0,,NONE,NONE,117,,,,,0.0,0.0,,,854591080
2025-07-16 16:45:00,,5,1005,22.72,22.78,22.67,25.11,1008.06,67.0,56.0,0.0,,NONE,NONE,117,,,,,0.0,0.0,,,854591085
2025-07-16 16:50:00,,5,1010,22.72,22.72,22.67,25.06,1007.99,66.0,58.0,0.0,,NONE,NONE,117,,,,,0.0,0.0,,,854591090
2025-07-16 16:55:00,,5,1015,22.67,22.72,22.67,25.0,1007.93,67.0,57.0,0.0,,NONE,NONE,117,,,,,0.0,0.0,,,854591095
2025-07-16 17:00:00,,5,1020,22.67,22.72,22.67,24.94,1007.79,70.0,59.0,0.0,,NONE,NONE,117,,,,,0.0,0.0,,,854591140
2025-07-16 17:05:00,,5,1025,22.67,22.72,22.67,24.94,1007.38,65.0,57.0,0.0,,NONE,NONE,117,,,,,0.0,0.0,,,854591145
2025-07-16 17:10:00,,5,1030,22.61,22.72,22.61,24.89,1007.15,66.0,57.0,0.0,,NONE,NONE,118,,,,,0.0,0.0,,,854591150
2025-07-16 17:15:00,,5,1035,22.61,22.61,22.61,24.83,1006.88,69.0,58.0,0.0,,NONE,NONE,117,,,,,0.0,0.0,,,854591155
2025-07-16 17:20:00,,5,1040,22.61,22.61,22.61,24.83,1006.91,66.0,57.0,0.0,,NONE,NONE,117,,,,,0.0,0.0,,,854591160
2025-07-16 17:25:00,,5,1045,22.67,22.67,22.61,24.94,1006.77,68.0,59.0,0.0,,NONE,NONE,117,,,,,0.0,0.0,,,854591165
2025-07-16 17:30:00,,5,1050,22.67,22.72,22.61,24.94,1006.94,66.0,56.0,0.0,,NONE,NONE,117,,,,,0.0,0.0,,,854591170
2025-07-16 17:35:00,,5,1055,22.78,22.78,22.67,25.0,1006.88,68.0,58.0,0.0,,NONE,NONE,117,,,,,0.0,0.0,,,854591175
2025-07-16 17:40:00,,5,1060,22.89,22.89,22.78,25.11,1006.57,67.0,58.0,0.0,,NONE,NONE,117,,,,,0.0,0.0,,,854591180
2025-07-16 17:45:00,,5,1065,23.06,23.06,22.89,25.17,1006.2,65.0,56.0,0.0,,NONE,NONE,117,,,,,0.0,0.0,,,854591185
2025-07-16 17:50:00,,5,1070,23.22,23.22,23.06,25.22,1006.4,67.0,57.0,0.0,,NONE,NONE,117,,,,,0.0,0.0,,,854591190
2025-07-16 17:55:00,,5,1075,23.33,23.33,23.22,25.28,1006.4,65.0,57.0,0.0,,NONE,NONE,117,,,,,0.0,0.0,,,854591195
2025-07-16 18:00:00,,5,1080,23.39,23.44,23.33,25.33,1006.3,65.0,56.0,0.0,,NONE,NONE,117,,,,,0.0,0.0,,,854591240
2025-07-16 18:05:00,,5,1085,23.56,23.56,23.39,25.33,1006.3,67.0,58.0,0.0,,NONE,NONE,117,,,,,0.0,0.0,,,854591245
2025-07-16 18:10:00,,5,1090,23.72,23.72,23.56,25.39,1006.1,62.0,56.0,0.0,,NONE,NONE,118,,,,,0.0,0.0,,,854591250
2025-07-16 18:15:00,,5,1095,23.94,23.94,23.78,25.33,1005.99,64.0,56.0,0.0,,NONE,NONE,117,,,,,0.0,0.0,,,854591255
2025-07-16 18:20:00,,5,1100,24.06,24.06,23.94,25.39,1005.96,66.0,58.0,0.0,,NONE,NONE,117,,,,,0.0,0.0,,,854591260
2025-07-16 18:25:00,,5,1105,24.06,24.06,24.0,25.39,1006.03,62.0,57.0,0.0,,NONE,NONE,117,,,,,0.0,0.0,,,854591265
2025-07-16 18:30:00,,5,1110,23.94,24.06,23.94,25.39,1006.3,65.0,57.0,0.0,,NONE,NONE,117,,,,,0.0,0.0,,,854591270
2025-07-16 18:35:00,,5,1115,23.94,24.0,23.94,25.39,1006.16,66.0,59.0,0.0,,NONE,NONE,117,,,,,0.0,0.0,,,854591275
2025-07-16 18:40:00,,5,1120,23.89,23.94,23.89,25.44,1006.3,63.0,56.0,0.0,,NONE,NONE,117,,,,,0.0,0.0,,,854591280
2025-07-16 18:45:00,,5,1125,23.83,23.89,23.83,25.44,1006.1,66.0,57.0,0.0,,NONE,NONE,117,,,,,0.0,0.0,,,854591285
2025-07-16 18:50:00,,5,1130,23.83,23.89,23.83,25.44,1006.3,65.0,58.0,0.0,,NONE,NONE,117,,,,,0.0,0.0,,,854591290
2025-07-16 18:55:00,,5,1135,23.83,23.83,23.78,25.44,1006.33,62.0,55.0,0.0,,NONE,NONE,117,,,,,0.0,0.0,,,854591295
2025-07-16 19:00:00,,5,1140,23.78,23.83,23.78,25.39,1006.67,65.0,57.0,0.0,,NONE,NONE,117,,,,,0.0,0.0,,,854591340
2025-07-16 19:05:00,,5,1145,23.78,23.83,23.78,25.44,1006.71,65.0,58.0,0.0,,NONE,NONE,117,,,,,0.0,0.0,,,854591345
2025-07-16 19:10:00,,5,1150,23.72,23.78,23.72,25.44,1006.67,62.0,55.0,0.0,,NONE,NONE,117,,,,,0.0,0.0,,,854591350
2025-07-16 19:15:00,,5,1155,23.72,23.78,23.72,25.44,1006.6,65.0,57.0,0.0,,NONE,NONE,118,,,,,0.0,0.0,,,854591355
2025-07-16 19:20:00,,5,1160,23.72,23.78,23.67,25.44,1006.47,64.0,58.0,0.0,,NONE,NONE,117,,,,,0.0,0.0,,,854591360
2025-07-16 19:25:00,,5,1165,23.72,23.78,23.67,25.44,1006.5,62.0,55.0,0.0,,NONE,NONE,117,,,,,0.0,0.0,,,854591365
2025-07-16 19:30:00,,5,1170,23.67,23.72,23.67,25.39,1006.47,64.0,56.0,0.0,,NONE,NONE,117,,,,,0.0,0.0,,,854591370
2025-07-16 19:35:00,,5,1175,23.72,23.72,23.67,25.44,1006.74,65.0,57.0,0.0,,NONE,NONE,117,,,,,0.0,0.0,,,854591375
2025-07-16 19:40:00,,5,1180,23.72,23.72,23.67,25.5,1006.6,61.0,55.0,0.0,,NONE,NONE,117,,,,,0.0,0.0,,,854591380
2025-07-16 19:45:00,,5,1185,23.67,23.72,23.67,25.44,1006.81,65.0,56.0,0.0,,NONE,NONE,117,,,,,0.0,0.0,,,854591385
2025-07-16 19:50:00,,5,1190,23.72,23.72,23.67,25.44,1006.98,64.0,57.0,0.0,,NONE,NONE,117,,,,,0.0,0.0,,,854591390
2025-07-16 19:55:00,,5,1195,23.67,23.72,23.67,25.44,1006.71,62.0,55.0,0.0,,NONE,NONE,117,,,,,0.0,0.0,,,854591395
2025-07-16 20:00:00,,5,1200,23.67,23.67,23.67,25.44,1006.77,64.0,56.0,0.0,,NONE,NONE,117,,,,,0.0,0.0,,,854591440
2025-07-16 20:05:00,,5,1205,23.72,23.72,23.67,25.44,1006.6,65.0,57.0,0.0,,NONE,NONE,117,,,,,0.0,0.0,,,854591445
2025-07-16 20:10:00,,5,1210,23.67,23.67,23.67,25.44,1006.67,63.0,56.0,0.0,,NONE,NONE,117,,,,,0.0,0.0,,,854591450
2025-07-16 20:15:00,,5,1215,23.67,23.72,23.67,25.44,1006.64,64.0,56.0,0.0,,NONE,NONE,118,,,,,0.0,0.0,,,854591455
2025-07-16 20:20:00,,5,1220,23.78,23.78,23.67,25.56,1006.67,64.0,56.0,0.0,,NONE,NONE,117,,,,,0.0,0.0,,,854591460
2025-07-16 20:25:00,,5,1225,23.78,23.83,23.72,25.72,1006.81,64.0,56.0,0.0,,NONE,NONE,117,,,,,0.0,0.0,,,854591465
2025-07-16 20:30:00,,5,1230,23.89,23.89,23.78,25.83,1007.01,64.0,56.0,0.0,,NONE,NONE,117,,,,,0.0,0.0,,,854591470
2025-07-16 20:35:00,,5,1235,23.94,23.94,23.83,25.94,1007.15,64.0,56.0,0.0,,NONE,NONE,117,,,,,0.0,0.0,,,854591475
2025-07-16 20:40:00,,5,1240,24.06,24.06,23.94,26.06,1007.28,64.0,56.0,0.0,,NONE,NONE,117,,,,,0.0,0.0,,,854591480
2025-07-16 20:45:00,,5,1245,24.11,24.11,24.06,26.11,1007.04,64.0,56.0,0.0,,NONE,NONE,117,,,,,0.0,0.0,,,854591485
2025-07-16 20:50:00,,5,1250,24.22,24.22,24.11,26.22,1007.01,63.0,56.0,0.0,,NONE,NONE,117,,,,,0.0,0.0,,,854591490
2025-07-16 20:55:00,,5,1255,24.28,24.28,24.22,26.28,1007.18,63.0,56.0,0.0,,NONE,NONE,117,,,,,0.0,0.0,,,854591495
2025-07-16 21:00:00,,5,1260,24.39,24.39,24.28,26.39,1007.18,63.0,55.0,0.0,,NONE,NONE,117,,,,,0.0,0.0,,,854591540
2025-07-16 21:05:00,,5,1265,24.44,24.44,24.39,26.5,1007.15,63.0,55.0,0.0,,NONE,NONE,117,,,,,0.0,0.0,,,854591545
2025-07-16 21:10:00,,5,1270,24.56,24.56,24.44,26.5,1007.35,63.0,55.0,0.0,,NONE,NONE,117,,,,,0.0,0.0,,,854591550
2025-07-16 21:15:00,,5,1275,24.61,24.61,24.56,26.61,1007.62,63.0,55.0,0.0,,NONE,NONE,117,,,,,0.0,0.0,,,854591555
2025-07-16 21:20:00,,5,1280,24.67,24.72,24.61,26.61,1007.72,63.0,55.0,0.0,,NONE,NONE,118,,,,,0.0,0.0,,,854591560
2025-07-16 21:25:00,,5,1285,24.72,24.78,24.67,26.67,1007.62,63.0,55.0,0.0,,NONE,NONE,117,,,,,0.0,0.0,,,854591565
2025-07-16 21:30:00,,5,1290,24.83,24.83,24.78,26.72,1007.65,63.0,55.0,0.0,,NONE,NONE,117,,,,,0.0,0.0,,,854591570
2025-07-16 21:35:00,,5,1295,24.89,24.89,24.78,26.78,1007.28,62.0,55.0,0.0,,NONE,NONE,117,,,,,0.0,0.0,,,854591575
2025-07-16 21:40:00,,5,1300,24.94,24.94,24.89,26.83,1007.45,61.0,54.0,0.0,,NONE,NONE,117,,,,,0.0,0.0,,,854591580
2025-07-16 21:45:00,,5,1305,24.94,25.0,24.94,26.83,1007.18,61.0,54.0,0.0,,NONE,NONE,117,,,,,0.0,0.0,,,854591585
2025-07-16 21:50:00,,5,1310,25.06,25.06,25.0,26.89,1007.65,62.0,54.0,0.0,,NONE,NONE,117,,,,,0.0,0.0,,,854591590
2025-07-16 21:55:00,,5,1315,25.11,25.11,25.0,26.89,1007.18,62.0,54.0,0.0,,NONE,NONE,117,,,,,0.0,0.0,,,854591595
2025-07-16 22:00:00,,5,1320,25.11,25.17,25.06,26.94,1007.08,62.0,54.0,0.0,,NONE,NONE,117,,,,,0.0,0.0,,,854591640
2025-07-16 22:05:00,,5,1325,25.22,25.22,25.11,26.94,1007.04,62.0,55.0,0.0,,NONE,NONE,117,,,,,0.0,0.0,,,854591645
2025-07-16 22:10:00,,5,1330,25.22,25.22,25.17,27.0,1007.15,61.0,55.0,0.0,,NONE,NONE,117,,,,,0.0,0.0,,,854591650
2025-07-16 22:15:00,,5,1335,25.28,25.28,25.22,27.0,1007.38,61.0,55.0,0.0,,NONE,NONE,117,,,,,0.0,0.0,,,854591655
2025-07-16 22:20:00,,5,1340,25.28,25.33,25.28,27.06,1007.15,61.0,54.0,0.0,,NONE,NONE,118,,,,,0.0,0.0,,,854591660
2025-07-16 22:25:00,,5,1345,25.33,25.33,25.28,27.06,1007.38,62.0,55.0,0.0,,NONE,NONE,117,,,,,0.0,0.0,,,854591665
2025-07-16 22:30:00,,5,1350,25.33,25.39,25.33,27.06,1007.35,61.0,54.0,0.0,,NONE,NONE,117,,,,,0.0,0.0,,,854591670
2025-07-16 22:35:00,,5,1355,25.39,25.44,25.33,27.11,1007.45,61.0,54.0,0.0,,NONE,NONE,117,,,,,0.0,0.0,,,854591675
2025-07-16 22:40:00,,5,1360,25.44,25.44,25.39,27.11,1007.35,61.0,54.0,0.0,,NONE,NONE,117,,,,,0.0,0.0,,,854591680
2025-07-16 22:45:00,,5,1365,25.44,25.5,25.44,27.17,1007.11,61.0,54.0,0.0,,NONE,NONE,117,,,,,0.0,0.0,,,854591685
2025-07-16 22:50:00,,5,1370,25.5,25.5,25.44,27.17,1006.98,61.0,54.0,0.0,,NONE,NONE,117,,,,,0.0,0.0,,,854591690
2025-07-16 22:55:00,,5,1375,25.56,25.56,25.5,27.22,1006.94,61.0,54.0,0.0,,NONE,NONE,117,,,,,0.0,0.0,,,854591695
2025-07-16 23:00:00,,5,1380,25.56,25.56,25.5,27.22,1006.98,61.0,54.0,0.0,,NONE,NONE,117,,,,,0.0,0.0,,,854591740
2025-07-16 23:05:00,,5,1385,25.56,25.61,25.56,27.22,1006.84,61.0,54.0,0.0,,NONE,NONE,117,,,,,0.0,0.0,,,854591745
2025-07-16 23:10:00,,5,1390,25.61,25.61,25.56,27.22,1006.98,61.0,54.0,0.0,,NONE,NONE,117,,,,,0.0,0.0,,,854591750
2025-07-16 23:15:00,,5,1395,25.61,25.61,25.61,27.28,1006.94,61.0,54.0,0.0,,NONE,NONE,117,,,,,0.0,0.0,,,854591755
2025-07-16 23:20:00,,5,1400,25.67,25.67,25.61,27.28,1007.32,61.0,54.0,0.0,,NONE,NONE,117,,,,,0.0,0.0,,,854591760
2025-07-16 23:25:00,,5,1405,25.67,25.67,25.61,27.28,1007.21,61.0,54.0,0.0,,NONE,NONE,118,,,,,0.0,0.0,,,854591765
2025-07-16 23:30:00,,5,1410,25.67,25.72,25.67,27.28,1006.88,61.0,54.0,0.0,,NONE,NONE,117,,,,,0.0,0.0,,,854591770
2025-07-16 23:35:00,,5,1415,25.72,25.72,25.67,27.33,1006.77,61.0,54.0,0.0,,NONE,NONE,117,,,,,0.0,0.0,,,854591775
2025-07-16 23:40:00,,5,1420,25.72,25.72,25.67,27.33,1006.88,61.0,54.0,0.0,,NONE,NONE,117,,,,,0.0,0.0,,,854591780
2025-07-16 23:45:00,,5,1425,25.72,25.72,25.67,27.33,1007.15,61.0,54.0,0.0,,NONE,NONE,117,,,,,0.0,0.0,,,854591785
2025-07-16 23:50:00,,5,1430,25.72,25.78,25.72,27.33,1007.18,61.0,54.0,0.0,,NONE,NONE,117,,,,,0.0,0.0,,,854591790
2025-07-16 23:55:00,,5,1435,25.72,25.78,25.72,27.39,1007.32,61.0,54.0,0.0,,NONE,NONE,117,,,,,0.0,0.0,,,854591795
2025-07-17 00:00:00,,5,1440,25.78,25.78,25.72,27.33,1007.18,61.0,54.0,0.0,,NONE,NONE,117,,,,,0.0,0.0,,,854654976
2025-07-17 00:05:00,,5,5,25.78,25.78,25.72,27.39,1007.32,61.0,54.0,0.0,,NONE,NONE,116,,,,,0.0,0.0,,,854654981
2025-07-17 00:10:00,,5,10,25.78,25.78,25.78,27.39,1006.94,61.0,54.0,0.0,,NONE,NONE,117,,,,,0.0,0.0,,,854654986
2025-07-17 00:15:00,,5,15,25.83,25.83,25.78,27.39,1006.37,61.0,54.0,0.0,,NONE,NONE,117,,,,,0.0,0.0,,,854654991
2025-07-17 00:20:00,,5,20,25.83,25.83,25.78,27.39,1006.64,61.0,54.0,0.0,,NONE,NONE,117,,,,,0.0,0.0,,,854654996
2025-07-17 00:25:00,,5,25,25.83,25.83,25.78,27.39,1007.15,61.0,54.0,0.0,,NONE,NONE,117,,,,,0.0,0.0,,,854655001
2025-07-17 00:30:00,,5,30,25.89,25.89,25.83,27.44,1007.15,61.0,54.0,0.0,,NONE,NONE,117,,,,,0.0,0.0,,,854655006
2025-07-17 00:35:00,,5,35,25.83,25.83,25.83,27.44,1007.08,61.0,54.0,0.0,,NONE,NONE,118,,,,,0.0,0.0,,,854655011
2025-07-17 00:40:00,,5,40,25.83,25.89,25.83,27.44,1007.38,61.0,54.0,0.0,,NONE,NONE,117,,,,,0.0,0.0,,,854655016
2025-07-17 00:45:00,,5,45,25.89,25.89,25.83,27.44,1007.48,61.0,54.0,0.0,,NONE,NONE,117,,,,,0.0,0.0,,,854655021
2025-07-17 00:50:00,,5,50,25.89,25.89,25.83,27.44,1007.21,61.0,54.0,0.0,,NONE,NONE,117,,,,,0.0,0.0,,,854655026
2025-07-17 00:55:00,,5,55,25.89,25.89,25.83,27.44,1007.38,61.0,54.0,0.0,,NONE,NONE,117,,,,,0.0,0.0,,,854655031
2025-07-17 01:00:00,,5,60,25.89,25.89,25.89,27.5,1007.15,61.0,54.0,0.0,,NONE,NONE,117,,,,,0.0,0.0,,,854655076
2025-07-17 01:05:00,,5,65,25.89,25.89,25.89,27.44,1007.55,61.0,54.0,0.0,,NONE,NONE,117,,,,,0.0,0.0,,,854655081
2025-07-17 01:10:00,,5,70,25.89,25.94,25.89,27.5,1007.55,61.0,54.0,0.0,,NONE,NONE,117,,,,,0.0,0.0,,,854655086
2025-07-17 01:15:00,,5,75,25.94,25.94,25.89,27.5,1007.15,61.0,54.0,0.0,,NONE,NONE,117,,,,,0.0,0.0,,,854655091
2025-07-17 01:20:00,,5,80,25.94,25.94,25.89,27.5,1007.04,61.0,54.0,0.0,,NONE,NONE,117,,,,,0.0,0.0,,,854655096
2025-07-17 01:25:00,,5,85,25.94,25.94,25.89,27.5,1007.04,61.0,54.0,0.0,,NONE,NONE,117,,,,,0.0,0.0,,,854655101
2025-07-17 01:30:00,,5,90,25.94,25.94,25.89,27.5,1007.28,61.0,55.0,0.0,,NONE,NONE,117,,,,,0.0,0.0,,,854655106
2025-07-17 01:35:00,,5,95,25.94,25.94,25.89,27.5,1007.15,61.0,55.0,0.0,,NONE,NONE,117,,,,,0.0,0.0,,,854655111
2025-07-17 01:40:00,,5,100,25.94,26.0,25.94,27.5,1007.01,61.0,54.0,0.0,,NONE,NONE,118,,,,,0.0,0.0,,,854655116
2025-07-17 01:45:00,,5,105,25.94,26.0,25.89,27.56,1006.98,61.0,55.0,0.0,,NONE,NONE,117,,,,,0.0,0.0,,,854655121
2025-07-17 01:50:00,,5,110,25.94,26.0,25.94,27.5,1006.94,61.0,55.0,0.0,,NONE,NONE,117,,,,,0.0,0.0,,,854655126
2025-07-17 01:55:00,,5,115,25.94,26.0,25.94,27.56,1006.6,61.0,55.0,0.0,,NONE,NONE,117,,,,,0.0,0.0,,,854655131
2025-07-17 02:00:00,,5,120,25.94,26.0,25.94,27.5,1007.04,61.0,55.0,0.0,,NONE,NONE,117,,,,,0.0,0.0,,,854655176
2025-07-17 02:05:00,,5,125,25.94,26.0,25.94,27.56,1007.25,62.0,55.0,0.0,,NONE,NONE,117,,,,,0.0,0.0,,,854655181
2025-07-17 02:10:00,,5,130,25.94,26.0,25.94,27.5,1006.88,61.0,55.0,0.0,,NONE,NONE,117,,,,,0.0,0.0,,,854655186
2025-07-17 02:15:00,,5,135,26.0,26.0,25.94,27.56,1006.54,61.0,55.0,0.0,,NONE,NONE,117,,,,,0.0,0.0,,,854655191
2025-07-17 02:20:00,,5,140,26.0,26.0,25.94,27.5,1006.6,61.0,55.0,0.0,,NONE,NONE,117,,,,,0.0,0.0,,,854655196
2025-07-17 02:25:00,,5,145,26.0,26.0,25.94,27.56,1006.94,62.0,55.0,0.0,,NONE,NONE,117,,,,,0.0,0.0,,,854655201
2025-07-17 02:30:00,,5,150,26.0,26.0,25.94,27.56,1007.11,62.0,55.0,0.0,,NONE,NONE,117,,,,,0.0,0.0,,,854655206
2025-07-17 02:35:00,,5,155,26.0,26.0,26.0,27.56,1006.23,62.0,55.0,0.0,,NONE,NONE,117,,,,,0.0,0.0,,,854655211
2025-07-17 02:40:00,,5,160,26.0,26.0,25.94,27.56,1007.01,62.0,55.0,0.0,,NONE,NONE,118,,,,,0.0,0.0,,,854655216
2025-07-17 02:45:00,,5,165,26.0,26.06,26.0,27.56,1007.21,62.0,55.0,0.0,,NONE,NONE,117,,,,,0.0,0.0,,,854655221
2025-07-17 02:50:00,,5,170,26.0,26.06,26.0,27.56,1007.11,62.0,55.0,0.0,,NONE,NONE,117,,,,,0.0,0.0,,,854655226
2025-07-17 02:55:00,,5,175,26.0,26.06,26.0,27.56,1007.32,62.0,55.0,0.0,,NONE,NONE,117,,,,,0.0,0.0,,,854655231
2025-07-17 03:00:00,,5,180,26.06,26.06,26.0,27.56,1007.55,62.0,55.0,0.0,,NONE,NONE,117,,,,,0.0,0.0,,,854655276
2025-07-17 03:05:00,,5,185,26.06,26.06,26.0,27.56,1008.3,62.0,55.0,0.0,,NONE,NONE,117,,,,,0.0,0.0,,,854655281
2025-07-17 03:10:00,,5,190,26.0,26.06,26.0,27.56,1007.65,62.0,55.0,0.0,,NONE,NONE,117,,,,,0.0,0.0,,,854655286
2025-07-17 03:15:00,,5,195,26.06,26.06,26.0,27.56,1007.42,62.0,55.0,0.0,,NONE,NONE,117,,,,,0.0,0.0,,,854655291
2025-07-17 03:20:00,,5,200,26.06,26.06,26.0,27.56,1007.69,62.0,55.0,0.0,,NONE,NONE,117,,,,,0.0,0.0,,,854655296
2025-07-17 03:25:00,,5,205,26.06,26.06,26.0,27.56,1007.42,62.0,55.0,0.0,,NONE,NONE,117,,,,,0.0,0.0,,,854655301
2025-07-17 03:30:00,,5,210,26.06,26.06,26.0,27.56,1007.65,62.0,55.0,0.0,,NONE,NONE,117,,,,,0.0,0.0,,,854655306
2025-07-17 03:35:00,,5,215,26.06,26.06,26.0,27.61,1008.09,62.0,55.0,0.0,,NONE,NONE,117,,,,,0.0,0.0,,,854655311
2025-07-17 03:40:00,,5,220,26.06,26.11,26.0,27.56,1008.23,62.0,55.0,0.0,,NONE,NONE,117,,,,,0.0,0.0,,,854655316
2025-07-17 03:45:00,,5,225,26.06,26.06,26.0,27.56,1008.2,62.0,55.0,0.0,,NONE,NONE,118,,,,,0.0,0.0,,,854655321
2025-07-17 03:50:00,,5,230,26.06,26.06,26.0,27.56,1008.37,62.0,55.0,0.0,,NONE,NONE,117,,,,,0.0,0.0,,,854655326
2025-07-17 03:55:00,,5,235,26.06,26.06,26.0,27.56,1007.72,62.0,55.0,0.0,,NONE,NONE,117,,,,,0.0,0.0,,,854655331
2025-07-17 04:00:00,,5,240,26.06,26.06,26.0,27.56,1008.03,62.0,55.0,0.0,,NONE,NONE,117,,,,,0.0,0.0,,,854655376
2025-07-17 04:05:00,,5,245,26.06,26.06,26.06,27.56,1008.33,62.0,55.0,0.0,,NONE,NONE,117,,,,,0.0,0.0,,,854655381
2025-07-17 04:10:00,,5,250,26.06,26.06,26.0,27.56,1008.37,62.0,55.0,0.0,,NONE,NONE,117,,,,,0.0,0.0,,,854655386
2025-07-17 04:15:00,,5,255,26.06,26.06,26.0,27.56,1008.16,62.0,55.0,0.0,,NONE,NONE,117,,,,,0.0,0.0,,,854655391
2025-07-17 04:20:00,,5,260,26.06,26.06,26.0,27.56,1007.96,62.0,55.0,0.0,,NONE,NONE,117,,,,,0.0,0.0,,,854655396
2025-07-17 04:25:00,,5,265,26.06,26.11,26.06,27.56,1008.5,62.0,55.0,0.0,,NONE,NONE,117,,,,,0.0,0.0,,,854655401
2025-07-17 04:30:00,,5,270,26.06,26.11,26.06,27.56,1008.16,62.0,55.0,0.0,,NONE,NONE,117,,,,,0.0,0.0,,,854655406
2025-07-17 04:35:00,,5,275,26.06,26.11,26.0,27.56,1008.3,62.0,55.0,0.0,,NONE,NONE,117,,,,,0.0,0.0,,,854655411
2025-07-17 04:40:00,,5,280,26.06,26.11,26.06,27.56,1008.06,62.0,55.0,0.0,,NONE,NONE,117,,,,,0.0,0.0,,,854655416
2025-07-17 04:45:00,,5,285,26.06,26.11,26.06,27.61,1007.55,62.0,55.0,0.0,,NONE,NONE,118,,,,,0.0,0.0,,,854655421
2025-07-17 04:50:00,,5,290,26.06,26.11,26.06,27.61,1007.42,63.0,55.0,0.0,,NONE,NONE,117,,,,,0.0,0.0,,,854655426
2025-07-17 04:55:00,,5,295,26.06,26.11,26.06,27.56,1007.65,63.0,56.0,0.0,,NONE,NONE,117,,,,,0.0,0.0,,,854655431
2025-07-17 05:00:00,,5,300,26.06,26.11,26.06,27.56,1007.89,62.0,55.0,0.0,,NONE,NONE,117,,,,,0.0,0.0,,,854655476
2025-07-17 05:05:00,,5,305,26.06,26.11,26.06,27.56,1008.26,62.0,55.0,0.0,,NONE,NONE,117,,,,,0.0,0.0,,,854655481
2025-07-17 05:10:00,,5,310,26.06,26.06,26.06,27.56,1007.35,62.0,55.0,0.0,,NONE,NONE,117,,,,,0.0,0.0,,,854655486
2025-07-17 05:15:00,,5,315,26.06,26.11,26.06,27.61,1008.5,63.0,56.0,0.0,,NONE,NONE,117,,,,,0.0,0.0,,,854655491
2025-07-17 05:20:00,,5,320,26.11,26.11,26.06,27.56,1008.16,63.0,56.0,0.0,,NONE,NONE,117,,,,,0.0,0.0,,,854655496
2025-07-17 05:25:00,,5,325,26.11,26.11,26.06,27.56,1008.3,63.0,56.0,0.0,,NONE,NONE,117,,,,,0.0,0.0,,,854655501
2025-07-17 05:30:00,,5,330,26.06,26.11,26.06,27.56,1008.6,63.0,56.0,0.0,,NONE,NONE,117,,,,,0.0,0.0,,,854655506
2025-07-17 05:35:00,,5,335,26.11,26.11,26.06,27.56,1008.77,63.0,56.0,0.0,,NONE,NONE,117,,,,,0.0,0.0,,,854655511
2025-07-17 05:40:00,,5,340,26.11,26.11,26.06,27.61,1008.47,63.0,56.0,0.0,,NONE,NONE,117,,,,,0.0,0.0,,,854655516
2025-07-17 05:45:00,,5,345,26.11,26.11,26.06,27.61,1007.99,63.0,56.0,0.0,,NONE,NONE,117,,,,,0.0,0.0,,,854655521
2025-07-17 05:50:00,,5,350,26.11,26.11,26.06,27.61,1008.77,63.0,56.0,0.0,,NONE,NONE,118,,,,,0.0,0.0,,,854655526
2025-07-17 05:55:00,,5,355,26.11,26.11,26.06,27.61,1008.77,63.0,56.0,0.0,,NONE,NONE,117,,,,,0.0,0.0,,,854655531
2025-07-17 06:00:00,,5,360,26.06,26.11,26.06,27.56,1008.37,63.0,56.0,0.0,,NONE,NONE,117,,,,,0.0,0.0,,,854655576
2025-07-17 06:05:00,,5,365,26.11,26.11,26.06,27.56,1009.35,63.0,56.0,0.0,,NONE,NONE,117,,,,,0.0,0.0,,,854655581
2025-07-17 06:10:00,,5,370,26.06,26.11,26.06,27.56,1009.58,63.0,56.0,0.0,,NONE,NONE,117,,,,,0.0,0.0,,,854655586
2025-07-17 06:15:00,,5,375,26.06,26.11,26.06,27.56,1009.08,63.0,56.0,0.0,,NONE,NONE,117,,,,,0.0,0.0,,,854655591
2025-07-17 06:20:00,,5,380,26.11,26.11,26.06,27.61,1009.35,63.0,56.0,0.0,,NONE,NONE,117,,,,,0.0,0.0,,,854655596
2025-07-17 06:25:00,,5,385,26.06,26.11,26.06,27.56,1007.99,63.0,56.0,0.0,,NONE,NONE,117,,,,,0.0,0.0,,,854655601
2025-07-17 06:30:00,,5,390,26.06,26.11,26.06,27.56,1008.67,63.0,56.0,0.0,,NONE,NONE,117,,,,,0.0,0.0,,,854655606
2025-07-17 06:35:00,,5,395,26.06,26.11,26.06,27.61,1009.99,63.0,56.0,0.0,,NONE,NONE,117,,,,,0.0,0.0,,,854655611
2025-07-17 06:40:00,,5,400,26.11,26.11,26.06,27.56,1010.53,63.0,56.0,0.0,,NONE,NONE,117,,,,,0.0,0.0,,,854655616
2025-07-17 06:45:00,,5,405,26.06,26.11,26.06,27.56,1008.6,63.0,56.0,0.0,,NONE,NONE,117,,,,,0.0,0.0,,,854655621
2025-07-17 06:50:00,,5,410,26.06,26.11,26.06,27.56,1008.57,63.0,56.0,0.0,,NONE,NONE,118,,,,,0.0,0.0,,,854655626
2025-07-17 06:55:00,,5,415,26.06,26.11,26.06,27.56,1008.77,63.0,56.0,0.0,,NONE,NONE,117,,,,,0.0,0.0,,,854655631
2025-07-17 07:00:00,,5,420,26.11,26.11,26.06,27.56,1008.84,63.0,56.0,0.0,,NONE,NONE,117,,,,,0.0,0.0,,,854655676
2025-07-17 07:05:00,,5,425,26.11,26.11,26.06,27.56,1008.67,63.0,56.0,0.0,,NONE,NONE,117,,,,,0.0,0.0,,,854655681
2025-07-17 07:10:00,,5,430,26.06,26.11,26.06,27.56,1008.3,64.0,56.0,0.0,,NONE,NONE,117,,,,,0.0,0.0,,,854655686
2025-07-17 07:15:00,,5,435,26.06,26.11,26.06,27.56,1008.16,64.0,56.0,0.0,,NONE,NONE,117,,,,,0.0,0.0,,,854655691
2025-07-17 07:20:00,,5,440,26.06,26.11,26.06,27.56,1008.64,64.0,56.0,0.0,,NONE,NONE,117,,,,,0.0,0.0,,,854655696
2025-07-17 07:25:00,,5,445,26.11,26.11,26.06,27.56,1008.67,64.0,57.0,0.0,,NONE,NONE,117,,,,,0.0,0.0,,,854655701
2025-07-17 07:30:00,,5,450,26.06,26.11,26.06,27.56,1008.64,64.0,56.0,0.0,,NONE,NONE,117,,,,,0.0,0.0,,,854655706
2025-07-17 07:35:00,,5,455,26.11,26.11,26.06,27.56,1008.26,64.0,57.0,0.0,,NONE,NONE,117,,,,,0.0,0.0,,,854655711
2025-07-17 07:40:00,,5,460,26.11,26.11,26.06,27.56,1008.3,64.0,57.0,0.0,,NONE,NONE,117,,,,,0.0,0.0,,,854655716
2025-07-17 07:45:00,,5,465,26.11,26.11,26.06,27.56,1009.04,64.0,57.0,0.0,,NONE,NONE,117,,,,,0.0,0.0,,,854655721
2025-07-17 07:50:00,,5,470,26.06,26.11,26.06,27.56,1009.28,64.0,57.0,0.0,,NONE,NONE,117,,,,,0.0,0.0,,,854655726
2025-07-17 07:55:00,,5,475,26.11,26.11,26.06,27.56,1008.77,64.0,56.0,0.0,,NONE,NONE,118,,,,,0.0,0.0,,,854655731
2025-07-17 08:00:00,,5,480,26.06,26.11,26.06,27.56,1008.23,64.0,57.0,0.0,,NONE,NONE,117,,,,,0.0,0.0,,,854655776
2025-07-17 08:05:00,,5,485,26.06,26.11,26.06,27.56,1008.77,64.0,57.0,0.0,,NONE,NONE,117,,,,,0.0,0.0,,,854655781
2025-07-17 08:10:00,,5,490,26.06,26.11,26.06,27.56,1008.94,64.0,57.0,0.0,,NONE,NONE,117,,,,,0.0,0.0,,,854655786
2025-07-17 08:15:00,,5,495,26.06,26.11,26.06,27.56,1009.25,64.0,57.0,0.0,,NONE,NONE,117,,,,,0.0,0.0,,,854655791
2025-07-17 08:20:00,,5,500,26.11,26.11,26.06,27.56,1009.55,64.0,57.0,0.0,,NONE,NONE,117,,,,,0.0,0.0,,,854655796
2025-07-17 08:25:00,,5,505,26.06,26.11,26.06,27.56,1010.09,64.0,57.0,0.0,,NONE,NONE,117,,,,,0.0,0.0,,,854655801
2025-07-17 08:30:00,,5,510,26.06,26.11,26.06,27.56,1010.13,64.0,57.0,0.0,,NONE,NONE,117,,,,,0.0,0.0,,,854655806
2025-07-17 08:35:00,,5,515,26.06,26.11,26.06,27.56,1010.36,64.0,57.0,0.0,,NONE,NONE,117,,,,,0.0,0.0,,,854655811
2025-07-17 08:40:00,,5,520,26.06,26.11,26.06,27.56,1010.6,64.0,57.0,0.0,,NONE,NONE,117,,,,,0.0,0.0,,,854655816
2025-07-17 08:45:00,,5,525,26.06,26.11,26.06,27.56,1011.07,64.0,57.0,0.0,,NONE,NONE,117,,,,,0.0,0.0,,,854655821
2025-07-17 08:50:00,,5,530,26.11,26.11,26.06,27.56,1011.45,64.0,57.0,0.0,,NONE,NONE,117,,,,,0.0,0.0,,,854655826
2025-07-17 08:55:00,,5,535,26.11,26.11,26.06,27.56,1010.8,64.0,57.0,0.0,,NONE,NONE,118,,,,,0.0,0.0,,,854655831
2025-07-17 09:00:00,,5,540,26.11,26.11,26.06,27.56,1010.4,64.0,57.0,0.0,,NONE,NONE,117,,,,,0.0,0.0,,,854655876
2025-07-17 09:05:00,,5,545,26.11,26.11,26.06,27.56,1009.89,64.0,57.0,0.0,,NONE,NONE,117,,,,,0.0,0.0,,,854655881
2025-07-17 09:10:00,,5,550,26.06,26.11,26.06,27.56,1009.99,64.0,57.0,0.0,,NONE,NONE,117,,,,,0.0,0.0,,,854655886
2025-07-17 09:15:00,,5,555,26.06,26.11,26.06,27.56,1009.79,64.0,57.0,0.0,,NONE,NONE,117,,,,,0.0,0.0,,,854655891
2025-07-17 09:20:00,,5,560,26.06,26.11,26.06,27.56,1009.92,64.0,57.0,0.0,,NONE,NONE,117,,,,,0.0,0.0,,,854655896
2025-07-17 09:25:00,,5,565,26.06,26.11,26.06,27.61,1009.92,64.0,57.0,0.0,,NONE,NONE,117,,,,,0.0,0.0,,,854655901
2025-07-17 09:30:00,,5,570,26.11,26.11,26.06,27.56,1010.09,64.0,57.0,0.0,,NONE,NONE,117,,,,,0.0,0.0,,,854655906
2025-07-17 09:35:00,,5,575,26.11,26.11,26.06,27.56,1009.99,66.0,57.0,0.0,,NONE,NONE,117,,,,,0.0,0.0,,,854655911
2025-07-17 09:40:00,,5,580,26.17,26.17,26.06,27.61,1009.79,67.0,59.0,0.0,,NONE,NONE,117,,,,,0.0,0.0,,,854655916
2025-07-17 09:45:00,,5,585,26.11,26.17,26.11,27.61,1009.58,68.0,59.0,0.0,,NONE,NONE,117,,,,,0.0,0.0,,,854655921
2025-07-17 09:50:00,,5,590,26.17,26.17,26.11,27.67,1010.02,68.0,60.0,0.0,,NONE,NONE,117,,,,,0.0,0.0,,,854655926
2025-07-17 09:55:00,,5,595,26.17,26.17,26.11,27.67,1010.36,68.0,60.0,0.0,,NONE,NONE,117,,,,,0.0,0.0,,,854655931
2025-07-17 10:00:00,,5,600,26.17,26.17,26.11,27.67,1010.57,67.0,60.0,0.0,,NONE,NONE,118,,,,,0.0,0.0,,,854655976
2025-07-17 10:05:00,,5,605,26.11,26.17,26.06,27.67,1010.23,67.0,59.0,0.0,,NONE,NONE,117,,,,,0.0,0.0,,,854655981
2025-07-17 10:10:00,,5,610,26.11,26.17,26.06,27.72,1010.06,66.0,59.0,0.0,,NONE,NONE,117,,,,,0.0,0.0,,,854655986
2025-07-17 10:15:00,,5,615,26.11,26.17,26.06,27.72,1010.5,67.0,59.0,0.0,,NONE,NONE,117,,,,,0.0,0.0,,,854655991
2025-07-17 10:20:00,,5,620,26.17,26.17,26.11,27.72,1009.99,67.0,60.0,0.0,,NONE,NONE,117,,,,,0.0,0.0,,,854655996
2025-07-17 10:25:00,,5,625,26.17,26.17,26.11,27.78,1009.92,67.0,60.0,0.0,,NONE,NONE,117,,,,,0.0,0.0,,,854656001
2025-07-17 10:30:00,,5,630,26.11,26.17,26.11,27.78,1009.72,67.0,60.0,0.0,,NONE,NONE,117,,,,,0.0,0.0,,,854656006
2025-07-17 10:35:00,,5,635,26.17,26.17,26.11,27.78,1009.58,68.0,60.0,0.0,,NONE,NONE,117,,,,,0.0,0.0,,,854656011
2025-07-17 10:40:00,,5,640,26.17,26.17,26.11,27.78,1010.13,68.0,60.0,0.0,,NONE,NONE,117,,,,,0.0,0.0,,,854656016
2025-07-17 10:45:00,,5,645,26.17,26.17,26.11,27.78,1009.86,67.0,60.0,0.0,,NONE,NONE,117,,,,,0.0,0.0,,,854656021
2025-07-17 10:50:00,,5,650,26.17,26.17,26.17,27.78,1009.89,67.0,60.0,0.0,,NONE,NONE,117,,,,,0.0,0.0,,,854656026
2025-07-17 10:55:00,,5,655,26.17,26.17,26.17,27.78,1010.26,67.0,60.0,0.0,,NONE,NONE,117,,,,,0.0,0.0,,,854656031
2025-07-17 11:00:00,,5,660,26.17,26.22,26.17,27.72,1010.23,67.0,60.0,0.0,,NONE,NONE,118,,,,,0.0,0.0,,,854656076
2025-07-17 11:05:00,,5,665,26.17,26.22,26.17,27.72,1009.96,67.0,60.0,0.0,,NONE,NONE,117,,,,,0.0,0.0,,,854656081
2025-07-17 11:10:00,,5,670,26.17,26.22,26.17,27.67,1009.72,67.0,60.0,0.0,,NONE,NONE,117,,,,,0.0,0.0,,,854656086
2025-07-17 11:15:00,,5,675,26.17,26.22,26.17,27.67,1009.35,67.0,60.0,0.0,,NONE,NONE,117,,,,,0.0,0.0,,,854656091
2025-07-17 11:20:00,,5,680,26.17,26.22,26.17,27.67,1009.21,68.0,61.0,0.0,,NONE,NONE,117,,,,,0.0,0.0,,,854656096
2025-07-17 11:25:00,,5,685,26.17,26.22,26.17,27.67,1009.11,68.0,61.0,0.0,,NONE,NONE,117,,,,,0.0,0.0,,,854656101
2025-07-17 11:30:00,,5,690,26.22,26.22,26.17,27.67,1009.21,68.0,61.0,0.0,,NONE,NONE,117,,,,,0.0,0.0,,,854656106
2025-07-17 11:35:00,,5,695,26.17,26.22,26.17,27.67,1009.42,67.0,60.0,0.0,,NONE,NONE,117,,,,,0.0,0.0,,,854656111
2025-07-17 11:40:00,,5,700,26.17,26.22,26.17,27.67,1009.45,64.0,60.0,0.0,,NONE,NONE,117,,,,,0.0,0.0,,,854656116
2025-07-17 11:45:00,,5,705,26.17,26.22,26.17,27.61,1009.48,66.0,60.0,0.0,,NONE,NONE,117,,,,,0.0,0.0,,,854656121
2025-07-17 11:50:00,,5,710,26.17,26.22,26.17,27.61,1009.58,65.0,60.0,0.0,,NONE,NONE,117,,,,,0.0,0.0,,,854656126
2025-07-17 11:55:00,,5,715,26.17,26.17,26.17,27.56,1009.48,66.0,60.0,0.0,,NONE,NONE,117,,,,,0.0,0.0,,,854656131
2025-07-17 12:00:00,,5,720,26.17,26.17,26.17,27.56,1009.65,66.0,60.0,0.0,,NONE,NONE,117,,,,,0.0,0.0,,,854656176
2025-07-17 12:05:00,,5,725,26.17,26.17,26.17,27.56,1009.69,66.0,60.0,0.0,,NONE,NONE,118,,,,,0.0,0.0,,,854656181
2025-07-17 12:10:00,,5,730,26.17,26.17,26.17,27.56,1009.86,66.0,60.0,0.0,,NONE,NONE,117,,,,,0.0,0.0,,,854656186
2025-07-17 12:15:00,,5,735,26.17,26.17,26.11,27.56,1010.4,65.0,59.0,0.0,,NONE,NONE,117,,,,,0.0,0.0,,,854656191
2025-07-17 12:20:00,,5,740,26.17,26.17,26.11,27.56,1010.84,65.0,59.0,0.0,,NONE,NONE,117,,,,,0.0,0.0,,,854656196
2025-07-17 12:25:00,,5,745,26.17,26.17,26.11,27.56,1010.36,64.0,59.0,0.0,,NONE,NONE,117,,,,,0.0,0.0,,,854656201
2025-07-17 12:30:00,,5,750,26.17,26.17,26.11,27.56,1010.13,65.0,60.0,0.0,,NONE,NONE,117,,,,,0.0,0.0,,,854656206
2025-07-17 12:35:00,,5,755,26.17,26.17,26.11,27.56,1010.43,66.0,60.0,0.0,,NONE,NONE,117,,,,,0.0,0.0,,,854656211
2025-07-17 12:40:00,,5,760,26.17,26.17,26.11,27.5,1010.02,65.0,60.0,0.0,,NONE,NONE,117,,,,,0.0,0.0,,,854656216
2025-07-17 12:45:00,,5,765,26.11,26.17,26.11,27.56,1010.09,65.0,60.0,0.0,,NONE,NONE,117,,,,,0.0,0.0,,,854656221
2025-07-17 12:50:00,,5,770,26.17,26.17,26.11,27.5,1010.06,66.0,60.0,0.0,,NONE,NONE,117,,,,,0.0,0.0,,,854656226
2025-07-17 12:55:00,,5,775,26.11,26.17,26.11,27.56,1009.96,65.0,60.0,0.0,,NONE,NONE,117,,,,,0.0,0.0,,,854656231
2025-07-17 13:00:00,,5,780,26.11,26.17,26.11,27.56,1009.79,65.0,60.0,0.0,,NONE,NONE,117,,,,,0.0,0.0,,,854656276
2025-07-17 13:05:00,,5,785,26.11,26.17,26.11,27.5,1009.79,66.0,60.0,0.0,,NONE,NONE,117,,,,,0.0,0.0,,,854656281
2025-07-17 13:10:00,,5,790,26.17,26.17,26.11,27.56,1009.58,67.0,60.0,0.0,,NONE,NONE,118,,,,,0.0,0.0,,,854656286
2025-07-17 13:15:00,,5,795,26.17,26.17,26.11,27.5,1009.25,67.0,60.0,0.0,,NONE,NONE,117,,,,,0.0,0.0,,,854656291
2025-07-17 13:20:00,,5,800,26.11,26.17,26.11,27.56,1009.38,66.0,60.0,0.0,,NONE,NONE,117,,,,,0.0,0.0,,,854656296
2025-07-17 13:25:00,,5,805,26.11,26.17,26.11,27.56,1009.01,66.0,60.0,0.0,,NONE,NONE,117,,,,,0.0,0.0,,,854656301
2025-07-17 13:30:00,,5,810,26.17,26.17,26.11,27.56,1009.11,66.0,60.0,0.0,,NONE,NONE,117,,,,,0.0,0.0,,,854656306
2025-07-17 13:35:00,,5,815,26.17,26.17,26.11,27.56,1009.11,66.0,60.0,0.0,,NONE,NONE,117,,,,,0.0,0.0,,,854656311
2025-07-17 13:40:00,,5,820,26.17,26.17,26.11,27.61,1008.94,66.0,60.0,0.0,,NONE,NONE,117,,,,,0.0,0.0,,,854656316
2025-07-17 13:45:00,,5,825,26.11,26.17,26.11,27.61,1008.87,66.0,60.0,0.0,,NONE,NONE,117,,,,,0.0,0.0,,,854656321
2025-07-17 13:50:00,,5,830,26.11,26.17,26.11,27.61,1008.91,66.0,60.0,0.0,,NONE,NONE,117,,,,,0.0,0.0,,,854656326
2025-07-17 13:55:00,,5,835,26.17,26.17,26.11,27.67,1008.87,66.0,60.0,0.0,,NONE,NONE,117,,,,,0.0,0.0,,,854656331
2025-07-17 14:00:00,,5,840,26.17,26.17,26.11,27.61,1008.81,66.0,60.0,0.0,,NONE,NONE,117,,,,,0.0,0.0,,,854656376
2025-07-17 14:05:00,,5,845,26.17,26.17,26.11,27.61,1008.84,66.0,60.0,0.0,,NONE,NONE,117,,,,,0.0,0.0,,,854656381
2025-07-17 14:10:00,,5,850,26.17,26.17,26.11,27.67,1009.04,66.0,60.0,0.0,,NONE,NONE,118,,,,,0.0,0.0,,,854656386
2025-07-17 14:15:00,,5,855,26.22,26.22,26.17,27.67,1009.04,69.0,61.0,0.0,,NONE,NONE,117,,,,,0.0,0.0,,,854656391
2025-07-17 14:20:00,,5,860,26.22,26.22,26.17,27.67,1009.11,71.0,63.0,0.0,,NONE,NONE,117,,,,,0.0,0.0,,,854656396
2025-07-17 14:25:00,,5,865,26.22,26.22,26.17,27.67,1009.28,72.0,63.0,0.0,,NONE,NONE,117,,,,,0.0,0.0,,,854656401
2025-07-17 14:30:00,,5,870,26.17,26.22,26.17,27.67,1009.21,70.0,64.0,0.0,,NONE,NONE,117,,,,,0.0,0.0,,,854656406
2025-07-17 14:35:00,,5,875,25.94,26.17,25.94,27.56,1008.94,66.0,60.0,0.0,,NONE,NONE,117,,,,,0.0,0.0,,,854656411
2025-07-17 14:40:00,,5,880,25.61,26.0,25.61,27.11,1008.77,61.0,57.0,0.0,,NONE,NONE,117,,,,,0.0,0.0,,,854656416
2025-07-17 14:45:00,,5,885,25.06,25.61,25.06,26.67,1008.74,59.0,54.0,0.0,,NONE,NONE,117,,,,,0.0,0.0,,,854656421
2025-07-17 14:50:00,,5,890,24.56,25.06,24.56,26.11,1008.4,60.0,55.0,0.0,,NONE,NONE,117,,,,,0.0,0.0,,,854656426
2025-07-17 14:55:00,,5,895,24.06,24.56,24.06,25.72,1008.43,61.0,55.0,0.0,,NONE,NONE,117,,,,,0.0,0.0,,,854656431
2025-07-17 15:00:00,,5,900,23.83,24.06,23.83,25.56,1008.4,67.0,59.0,0.0,,NONE,NONE,117,,,,,0.0,0.0,,,854656476
2025-07-17 15:05:00,,5,905,23.61,23.78,23.61,25.5,1008.6,64.0,57.0,0.0,,NONE,NONE,117,,,,,0.0,0.0,,,854656481
2025-07-17 15:10:00,,5,910,23.44,23.61,23.39,25.33,1008.77,67.0,58.0,0.0,,NONE,NONE,117,,,,,0.0,0.0,,,854656486
2025-07-17 15:15:00,,5,915,23.33,23.39,23.33,25.28,1009.04,67.0,60.0,0.0,,NONE,NONE,118,,,,,0.0,0.0,,,854656491
2025-07-17 15:20:00,,5,920,23.17,23.33,23.17,25.22,1009.04,63.0,57.0,0.0,1.79,WNW,WNW,117,,,,,0.0,0.0,292.5,292.5,854656496
2025-07-17 15:25:00,,5,925,23.0,23.17,23.0,25.06,1009.18,66.0,57.0,0.0,,NONE,NONE,117,,,,,0.0,0.0,,,854656501
2025-07-17 15:30:00,,5,930,23.0,23.06,22.94,25.06,1009.18,67.0,59.0,0.0,,NONE,NONE,117,,,,,0.0,0.0,,,854656506
2025-07-17 15:35:00,,5,935,22.94,23.0,22.89,25.0,1009.11,67.0,58.0,0.0,,NONE,NONE,117,,,,,0.0,0.0,,,854656511
2025-07-17 15:40:00,,5,940,22.94,22.94,22.89,24.94,1008.84,71.0,61.0,0.0,,NONE,NONE,117,,,,,0.0,0.0,,,854656516
2025-07-17 15:45:00,,5,945,22.89,22.94,22.89,24.94,1008.87,65.0,57.0,0.0,,NONE,NONE,117,,,,,0.0,0.0,,,854656521
2025-07-17 15:50:00,,5,950,22.78,22.89,22.78,24.89,1008.91,69.0,59.0,0.0,,NONE,NONE,117,,,,,0.0,0.0,,,854656526
2025-07-17 15:55:00,,5,955,22.83,22.83,22.78,24.83,1008.94,71.0,62.0,0.0,,NONE,NONE,117,,,,,0.0,0.0,,,854656531
2025-07-17 16:00:00,,5,960,22.78,22.83,22.78,24.83,1009.01,66.0,59.0,0.0,,NONE,NONE,117,,,,,0.0,0.0,,,854656576
2025-07-17 16:05:00,,5,965,22.72,22.78,22.72,24.72,1008.87,70.0,60.0,0.0,,NONE,NONE,117,,,,,0.0,0.0,,,854656581
2025-07-17 16:10:00,,5,970,22.72,22.72,22.67,24.72,1008.74,66.0,59.0,0.0,,NONE,NONE,117,,,,,0.0,0.0,,,854656586
2025-07-17 16:15:00,,5,975,22.61,22.67,22.61,24.67,1008.77,68.0,59.0,0.0,,NONE,NONE,118,,,,,0.0,0.0,,,854656591
2025-07-17 16:20:00,,5,980,22.61,22.61,22.56,24.67,1009.21,69.0,61.0,0.0,,NONE,NONE,117,,,,,0.0,0.0,,,854656596
2025-07-17 16:25:00,,5,985,22.67,22.67,22.61,24.83,1008.47,69.0,60.0,0.0,,NONE,NONE,117,,,,,0.0,0.0,,,854656601
2025-07-17 16:30:00,,5,990,22.78,22.78,22.67,25.0,1009.18,69.0,60.0,0.0,,NONE,NONE,117,,,,,0.0,0.0,,,854656606
2025-07-17 16:35:00,,5,995,22.89,22.89,22.72,25.22,1009.25,70.0,60.0,0.0,,NONE,NONE,117,,,,,0.0,0.0,,,854656611
2025-07-17 16:40:00,,5,1000,22.94,22.94,22.83,25.44,1009.28,69.0,59.0,0.0,,NONE,NONE,117,,,,,0.0,0.0,,,854656616
2025-07-17 16:45:00,,5,1005,23.11,23.11,22.94,25.61,1009.21,69.0,59.0,0.0,,NONE,NONE,117,,,,,0.0,0.0,,,854656621
2025-07-17 16:50:00,,5,1010,23.22,23.22,23.11,25.78,1009.25,69.0,59.0,0.0,,NONE,NONE,117,,,,,0.0,0.0,,,854656626
2025-07-17 16:55:00,,5,1015,23.33,23.39,23.22,25.94,1009.14,69.0,59.0,0.0,,NONE,NONE,117,,,,,0.0,0.0,,,854656631
2025-07-17 17:00:00,,5,1020,23.5,23.5,23.33,26.06,1009.11,69.0,59.0,0.0,,NONE,NONE,117,,,,,0.0,0.0,,,854656676
2025-07-17 17:05:00,,5,1025,23.67,23.67,23.5,26.17,1009.01,68.0,58.0,0.0,,NONE,NONE,117,,,,,0.0,0.0,,,854656681
2025-07-17 17:10:00,,5,1030,23.83,23.83,23.67,26.28,1009.21,68.0,59.0,0.0,,NONE,NONE,117,,,,,0.0,0.0,,,854656686
2025-07-17 17:15:00,,5,1035,23.94,23.94,23.83,26.39,1009.04,68.0,58.0,0.0,,NONE,NONE,117,,,,,0.0,0.0,,,854656691
2025-07-17 17:20:00,,5,1040,24.06,24.06,23.94,26.5,1009.18,68.0,58.0,0.0,,NONE,NONE,118,,,,,0.0,0.0,,,854656696
2025-07-17 17:25:00,,5,1045,24.17,24.17,24.06,26.61,1009.14,67.0,58.0,0.0,,NONE,NONE,117,,,,,0.0,0.0,,,854656701
2025-07-17 17:30:00,,5,1050,24.28,24.28,24.17,26.67,1009.14,67.0,58.0,0.0,,NONE,NONE,117,,,,,0.0,0.0,,,854656706
2025-07-17 17:35:00,,5,1055,24.44,24.44,24.28,26.78,1009.04,67.0,58.0,0.0,,NONE,NONE,117,,,,,0.0,0.0,,,854656711
2025-07-17 17:40:00,,5,1060,24.61,24.61,24.44,26.83,1008.91,68.0,58.0,0.0,,NONE,NONE,117,,,,,0.0,0.0,,,854656716
2025-07-17 17:45:00,,5,1065,24.72,24.72,24.56,27.0,1009.21,67.0,58.0,0.0,,NONE,NONE,117,,,,,0.0,0.0,,,854656721
2025-07-17 17:50:00,,5,1070,24.83,24.83,24.72,27.06,1009.11,67.0,58.0,0.0,1.79,WNW,WNW,117,,,,,0.0,0.0,292.5,292.5,854656726
# generated_at,2025-08-12T16:20:07
